{
  "congress": 116,
  "fiedler": 0.592985995664652,
  "polarization": 0.47787122319696473,
  "accuracy": 0.9709821428571429,
  "n": 448,
  "edges": 82096,
  "within": 49958,
  "cross": 31693
}