{
  "congress": 116,
  "fiedler_value": 0.592985995664652,
  "polarization_index": 0.47787122319696473,
  "n_members": 