{
  "congress": 117,
  "predictions": [
    0.11741895973682404,
    0.06356307864189148,
    0.31379464268684387,
    0.1562603861093521,
    0.1169118657708168,
    0.16060596704483032,
    0.12359986454248428,
    0.08219083398580551,
    0.11649387329816818,
    0.46049991250038147,
    0.09281736612319946,
    0.09162501245737076,
    0.102570541203022,
    0.0981353297829628,
    0.09303653240203857,
    0.13780441880226135,
    0.08986876159906387,
    0.060012977570295334,
    0.1569088101387024,
    0.05991015210747719,
    0.16770589351654053,
    0.042523834854364395,
    0.08590015769004822,
    0.05438476428389549,
    0.09691707789897919,
    0.06977944821119308,
    0.1714404821395874,
    0.1105373278260231,
    0.15820366144180298,
    0.1752692013978958,
    0.05200856178998947,
    0.18228432536125183,
    0.051289014518260956,
    0.18006493151187897,
    0.049902401864528656,
    0.27598175406455994,
    0.15506061911582947,
    0.1251981258392334,
    0.13821938633918762,
    0.11705730110406876,
    0.05929924547672272,
    0.06172759830951691,
    0.3895127773284912,
    0.1983945518732071,
    0.058132730424404144,
    0.38545235991477966,
    0.07512861490249634,
    0.08530118316411972,
    0.0948248952627182,
    0.15061457455158234,
    0.09092910587787628,
    0.046870771795511246,
    0.043414387851953506,
    0.14198686182498932,
    0.13701973855495453,
    0.1442619264125824,
    0.13371188938617706,
    0.11235295981168747,
    0.0842152088880539,
    0.1079878881573677,
    0.05956084281206131,
    0.04383557289838791,
    0.08609508723020554,
    0.20060822367668152,
    0.08298852294683456,
    0.08541560918092728,
    0.08376576751470566,
    0.039669983088970184,
    0.09555485099554062,
    0.13198675215244293,
    0.11375176161527634,
    0.05922107771039009,
    0.08511393517255783,
    0.12185877561569214,
    0.3313247263431549,
    0.08783673495054245,
    0.3097173273563385,
    0.04184418171644211,
    0.08123640716075897,
    0.04547205567359924,
    0.09181543439626694,
    0.08450522273778915,
    0.155985027551651,
    0.15368439257144928,
    0.04160305857658386,
    0.1141798347234726,
    0.08597945421934128,
    0.08142121881246567,
    0.10334641486406326,
    0.10703465342521667,
    0.13363733887672424,
    0.25134357810020447,
    0.4966563880443573,
    0.21197061240673065,
    0.03897090256214142,
    0.06507860124111176,
    0.10413496941328049,
    0.13754068315029144,
    0.12391293048858643,
    0.037970010191202164,
    0.16884742677211761,
    0.04188245162367821,
    0.3494246304035187,
    0.10423692315816879,
    0.08610193431377411,
    0.04218664392828941,
    0.04906093329191208,
    0.045242711901664734,
    0.047442514449357986,
    0.05611992999911308,
    0.040739383548498154,
    0.04218031466007233,
    0.08456449210643768,
    0.14386741816997528,
    0.04058811813592911,
    0.1210038885474205,
    0.22628828883171082,
    0.06321194022893906,
    0.29425084590911865,
    0.38383832573890686,
    0.05139414221048355,
    0.08545470982789993,
    0.10309653729200363,
    0.10714732855558395,
    0.12542912364006042,
    0.11476155370473862,
    0.09710371494293213,
    0.13775596022605896,
    0.11382105201482773,
    0.13534200191497803,
    0.08182356506586075,
    0.08244528621435165,
    0.12908491492271423,
    0.11856844276189804,
    0.12030809372663498,
    0.10089434683322906,
    0.09231223911046982,
    0.14198851585388184,
    0.03942804038524628,
    0.04012465104460716,
    0.040905702859163284,
    0.16941694915294647,
    0.10731326043605804,
    0.08712301403284073,
    0.11017344892024994,
    0.15516509115695953,
    0.05194351077079773,
    0.03960298001766205,
    0.12815611064434052,
    0.1377907246351242,
    0.045498237013816833,
    0.46787533164024353,
    0.13633880019187927,
    0.20615224540233612,
    0.10588128119707108,
    0.0950901210308075,
    0.08447139710187912,
    0.24214130640029907,
    0.2535911798477173,
    0.05881434306502342,
    0.1262519210577011,
    0.1190333291888237,
    0.11912193894386292,
    0.08915529400110245,
    0.05237756296992302,
    0.08519142121076584,
    0.07121207565069199,
    0.1614249050617218,
    0.0419633686542511,
    0.08142165839672089,
    0.1633937805891037,
    0.08737072348594666,
    0.1429137885570526,
    0.4004404842853546,
    0.03758668899536133,
    0.2530282735824585,
    0.09749560058116913,
    0.04316878318786621,
    0.12247713655233383,
    0.08945145457983017,
    0.11667928844690323,
    0.058956749737262726,
    0.08906323462724686,
    0.1152423545718193,
    0.13024236261844635,
    0.22940437495708466,
    0.08818928152322769,
    0.15772204101085663,
    0.13485632836818695,
    0.14845025539398193,
    0.20801612734794617,
    0.04029541090130806,
    0.12469254434108734,
    0.16300061345100403,
    0.07376307994127274,
    0.10113605856895447,
    0.052787765860557556,
    0.21699784696102142,
    0.20738010108470917,
    0.038963597267866135,
    0.04885328933596611,
    0.04313362389802933,
    0.3348240554332733,
    0.13306626677513123,
    0.09335547685623169,
    0.11193039268255234,
    0.1304476410150528,
    0.10256408900022507,
    0.0991690456867218,
    0.07925306260585785,
    0.5681053996086121,
    0.09883717447519302,
    0.11091186851263046,
    0.13972559571266174,
    0.15070903301239014,
    0.08143944293260574,
    0.1720733940601349,
    0.14775872230529785,
    0.12778162956237793,
    0.03802833333611488,
    0.08826465904712677,
    0.0450717955827713,
    0.292508602142334,
    0.604610025882721,
    0.09434699267148972,
    0.49509987235069275,
    0.19394607841968536,
    0.30941030383110046,
    0.22428488731384277,
    0.11886530369520187,
    0.09610676765441895,
    0.08331406861543655,
    0.12311987578868866,
    0.03727288171648979,
    0.14571957290172577,
    0.2971101403236389,
    0.12073121964931488,
    0.16261310875415802,
    0.1778932511806488,
    0.1787995994091034,
    0.08673025667667389,
    0.0865631029009819,
    0.06614120304584503,
    0.18421810865402222,
    0.16847360134124756,
    0.0992962047457695,
    0.07287581264972687,
    0.3802645206451416,
    0.08637493848800659,
    0.07003459334373474,
    0.18976858258247375,
    0.15153464674949646,
    0.3320768177509308,
    0.05328211933374405,
    0.1296389251947403,
    0.16849373281002045,
    0.08889196068048477,
    0.22367049753665924,
    0.4060837924480438,
    0.08556205779314041,
    0.31397926807403564,
    0.04153187945485115,
    0.394528329372406,
    0.26712027192115784,
    0.21365800499916077,
    0.3357771635055542,
    0.043559566140174866,
    0.18658611178398132,
    0.1936108022928238,
    0.10885243117809296,
    0.21445004642009735,
    0.08626879006624222,
    0.485763818025589,
    0.14587800204753876,
    0.27121657133102417,
    0.22636453807353973,
    0.31514784693717957,
    0.14890362322330475,
    0.137384831905365,
    0.10233496874570847,
    0.07039722055196762,
    0.09829676896333694,
    0.04022033140063286,
    0.27399224042892456,
    0.1143876239657402,
    0.18974719941616058,
    0.06514957547187805,
    0.1200043335556984,
    0.1913890242576599,
    0.22553926706314087,
    0.16880671679973602,
    0.12177327275276184,
    0.2738754451274872,
    0.15744295716285706,
    0.22074055671691895,
    0.0531805120408535,
    0.07155043631792068,
    0.10156164318323135,
    0.31908494234085083,
    0.3254963159561157,
    0.23283225297927856,
    0.04923601821064949,
    0.1711999922990799,
    0.08144441992044449,
    0.3027443289756775,
    0.08592531085014343,
    0.07423258572816849,
    0.6056500673294067,
    0.25875017046928406,
    0.19803763926029205,
    0.4489988684654236,
    0.23049691319465637,
    0.20537099242210388,
    0.1462293416261673,
    0.08313564211130142,
    0.31858089566230774,
    0.20065821707248688,
    0.21929019689559937,
    0.086558997631073,
    0.33064034581184387,
