{
  "congress": 116,
  "predictions": [
    0.10995199531316757,
    0.5066485404968262,
    0.06656219810247421,
    0.3897991180419922,
    0.15829092264175415,
    0.12061925232410431,
    0.16149243712425232,
    0.19708049297332764,
    0.12681759893894196,
    0.09159984439611435,
    0.0953984260559082,
    0.11854501813650131,
    0.47653138637542725,
    0.09630130231380463,
    0.0927397608757019,
    0.10575959086418152,
    0.0948813408613205,
    0.10305192321538925,
    0.10037358850240707,
    0.1037629023194313,
    0.1386270374059677,
    0.09105022996664047,
    0.06449995189905167,
    0.15706703066825867,
    0.06373490393161774,
    0.1713261604309082,
    0.10943910479545593,
    0.04013441503047943,
    0.08869337290525436,
    0.050881918519735336,
    0.09851811826229095,
    0.06952396035194397,
    0.17063505947589874,
    0.10982459038496017,
    0.0644344910979271,
    0.15801313519477844,
    0.176649272441864,
    0.04978565871715546,
    0.18306680023670197,
    0.04586796462535858,
    0.18663270771503448,
    0.04855737462639809,
    0.08044363558292389,
    0.2806665897369385,
    0.15347011387348175,
    0.17873354256153107,
    0.12729714810848236,
    0.15057243406772614,
    0.11848755180835724,
    0.06106777861714363,
    0.06552332639694214,
    0.37455397844314575,
    0.20226013660430908,
    0.06328724324703217,
    0.0365564338862896,
    0.06919938325881958,
    0.38216763734817505,
    0.07938650250434875,
    0.08738046139478683,
    0.09657476842403412,
    0.15048973262310028,
    0.0925639420747757,
    0.049458280205726624,
    0.04601331055164337,
    0.14534682035446167,
    0.13640683889389038,
    0.14421813189983368,
    0.1494402289390564,
    0.1141030490398407,
    0.12013644725084305,
    0.08514059334993362,
    0.10929208248853683,
    0.0626956894993782,
    0.04649365693330765,
    0.08852395415306091,
    0.20223481953144073,
    0.08506669849157333,
    0.08719266206026077,
    0.08952603489160538,
    0.04052010923624039,
    0.10142794251441956,
    0.13370609283447266,
    0.1210903450846672,
    0.06315784901380539,
    0.09091947227716446,
    0.12512533366680145,
    0.32781854271888733,
    0.08879544585943222,
    0.31479212641716003,
    0.042727719992399216,
    0.08499346673488617,
    0.04799381271004677,
    0.09269646555185318,
    0.13418520987033844,
    0.08651941269636154,
    0.16769732534885406,
    0.14647610485553741,
    0.041630201041698456,
    0.09881591796875,
    0.03917944058775902,
    0.11727668344974518,
    0.08766378462314606,
    0.08560018241405487,
    0.10527912527322769,
    0.10902054607868195,
    0.11320951581001282,
    0.09091494232416153,
    0.09047234803438187,
    0.254219651222229,
    0.49222612380981445,
    0.21615444123744965,
    0.03958675637841225,
    0.05793998762965202,
    0.10577911883592606,
    0.11795655637979507,
    0.1443067044019699,
    0.12460483610630035,
    0.18287023901939392,
    0.037120506167411804,
    0.04731421917676926,
    0.039974335581064224,
    0.2302166372537613,
    0.34634914994239807,
    0.10410929471254349,
    0.09162700176239014,
    0.7665596008300781,
    0.04075572267174721,
    0.050332024693489075,
    0.048254430294036865,
    0.04902058094739914,
    0.04847024381160736,
    0.041888631880283356,
    0.04054494947195053,
    0.08625023812055588,
    0.15525221824645996,
    0.04019937291741371,
    0.12500141561031342,
    0.040483083575963974,
    0.1783510148525238,
    0.0634557455778122,
    0.17195425927639008,
    0.3040514588356018,
    0.060446929186582565,
    0.38365796208381653,
    0.05428480729460716,
    0.09152541309595108,
    0.10742760449647903,
    0.11554820090532303,
    0.12884074449539185,
    0.055793002247810364,
    0.11359908431768417,
    0.13906052708625793,
    0.1165492907166481,
    0.13808897137641907,
    0.08432373404502869,
    0.08618252724409103,
    0.13070330023765564,
    0.12096980959177017,
    0.33271658420562744,
    0.12125451117753983,
    0.07008560746908188,
    0.08928323537111282,
    0.10001133382320404,
    0.07038452476263046,
    0.14017000794410706,
    0.038745831698179245,
    0.05580916628241539,
    0.041122715920209885,
    0.08990287035703659,
    0.040897268801927567,
    0.1707986295223236,
    0.10726708918809891,
    0.09026011824607849,
    0.11225263774394989,
    0.1573278307914734,
    0.057312361896038055,
    0.054780974984169006,
    0.21252264082431793,
    0.06275324523448944,
    0.04073912277817726,
    0.1304500252008438,
    0.04520157352089882,
    0.0477818138897419,
    0.42301830649375916,
    0.13712023198604584,
    0.22436639666557312,
    0.10627985000610352,
    0.09686888009309769,
    0.0888594388961792,
    0.24225224554538727,
    0.2604003846645355,
    0.06234486401081085,
    0.1283872276544571,
    0.098692886531353,
    0.12931185960769653,
    0.12134279310703278,
    0.0904751569032669,
    0.055639542639255524,
    0.08693578839302063,
    0.04988156259059906,
    0.07580685615539551,
    0.16273245215415955,
    0.042564887553453445,
    0.08546007424592972,
    0.16631010174751282,
    0.08982933312654495,
    0.144405335187912,
    0.38756316900253296,
    0.036848049610853195,
    0.24128903448581696,
    0.10094044357538223,
    0.045045655220746994,
    0.12836749851703644,
    0.04848778620362282,
    0.09456683695316315,
    0.11794833093881607,
    0.06047159433364868,
    0.09105652570724487,
    0.11724857985973358,
    0.13816270232200623,
    0.23140224814414978,
    0.0906563475728035,
    0.16993291676044464,
    0.13843895494937897,
    0.2971971333026886,
    0.24643106758594513,
    0.1063736155629158,
    0.04181891307234764,
    0.1256152242422104,
    0.16547301411628723,
    0.07877102494239807,
    0.06360522657632828,
    0.07709932327270508,
    0.10290045291185379,
    0.042416051030159,
    0.23229938745498657,
    0.21287629008293152,
    0.0416814349591732,
    0.05198179930448532,
    0.04513821005821228,
    0.3420971930027008,
    0.14026783406734467,
    0.09464337676763535,
    0.1135336384177208,
    0.06341597437858582,
    0.10487136244773865,
    0.10099693387746811,
    0.08264720439910889,
    0.5463398098945618,
    0.10012507438659668,
    0.11305884271860123,
    0.1439460813999176,
    0.15153026580810547,
    0.07390926033258438,
    0.1741485595703125,
    0.1471685767173767,
    0.12536771595478058,
    0.03759940341114998,
    0.09052275866270065,
    0.04848567396402359,
    0.3470095098018646,
    0.5873093605041504,
    0.1032182052731514,
    0.4994373619556427,
    0.19902925193309784,
    0.28700023889541626,
    0.2451484650373459,
    0.12934814393520355,
    0.10090453177690506,
    0.08564156293869019,
    0.12371282279491425,
    0.0366993173956871,
    0.14630021154880524,
    0.07011619210243225,
    0.30545106530189514,
    0.12395332753658295,
    0.03972237929701805,
    0.16404885053634644,
    0.17669588327407837,
    0.17974364757537842,
    0.08850904554128647,
    0.480364590883255,
    0.09089144319295883,
    0.06853196769952774,
    0.1821267306804657,
    0.17143601179122925,
    0.07302447408437729,
    0.0833749920129776,
    0.3420655429363251,
    0.08853234350681305,
    0.07392652332782745,
    0.19900144636631012,
    0.15181908011436462,
    0.3212052881717682,
    0.05583891645073891,
    0.12984010577201843,
    0.1686972677707672,
    0.09038765728473663,
    0.22197115421295166,
    0.41070738434791565,
    0.0903327465057373,
    0.3220345377922058,
    0.0406259223818779,
    0.3618758022785187,
    0.3956349492073059,
    0.26757678389549255,
    0.37246158719062805,
    0.2100716084241867,
    0.29136791825294495,
    0.330830454826355,
    0.04456290602684021,
    0.1910209357738495,
    0.33197078108787537,
    0.1921241730451584,
    0.11055801808834076,
    0.2093827873468399,
    0.08686000853776932,
    0.30669593811035156,
    0.48572680354118347,
    0.148715540766716,
