{
  "congress": 115,
  "predictions": [
    0.21837452054023743,
    0.07756203413009644,
    0.15842613577842712,
    0.4011717438697815,
    0.0462011881172657,
    0.1591690331697464,
    0.24902264773845673,
    0.19902178645133972,
    0.2517032325267792,
    0.17384688556194305,
    0.06512603908777237,
    0.30309394001960754,
    0.20419715344905853,
    0.13920314610004425,
    0.1931692510843277,
    0.16643138229846954,
    0.062066834419965744,
    0.2498483955860138,
    0.14804156124591827,
    0.15371215343475342,
    0.33362069725990295,
    0.1713787317276001,
    0.15470539033412933,
    0.169716939330101,
    0.2803983986377716,
    0.19518595933914185,
    0.1641237586736679,
    0.06932859867811203,
    0.16924433410167694,
    0.22353745996952057,
    0.14626187086105347,
    0.04546676203608513,
    0.09031342715024948,
    0.03535035625100136,
    0.24531783163547516,
    0.04303928464651108,
    0.03280308097600937,
    0.26550787687301636,
    0.17582151293754578,
    0.0349540151655674,
    0.05906839296221733,
    0.13190290331840515,
    0.036541178822517395,
    0.16123799979686737,
    0.04729929193854332,
    0.2655177116394043,
    0.042537808418273926,
    0.24910219013690948,
    0.06410124152898788,
    0.27079230546951294,
    0.037738341838121414,
    0.28872230648994446,
    0.036666687577962875,
    0.047958049923181534,
    0.047253288328647614,
    0.0639975294470787,
    0.13103638589382172,
    0.04044882580637932,
    0.05249898135662079,
    0.4371199309825897,
    0.23935380578041077,
    0.2730787396430969,
    0.2032642960548401,
    0.0998096764087677,
    0.19107240438461304,
    0.04280449077486992,
    0.04407159239053726,
    0.11125686019659042,
    0.27690812945365906,
    0.08767057210206985,
    0.308376669883728,
    0.041714444756507874,
    0.03184373304247856,
    0.04470953717827797,
    0.5571069121360779,
    0.05413692444562912,
    0.13809187710285187,
    0.13174812495708466,
    0.1591319739818573,
    0.2400537133216858,
    0.1527881622314453,
    0.03528418764472008,
    0.03186909481883049,
    0.2289566695690155,
    0.21687863767147064,
    0.22956055402755737,
    0.10335403680801392,
    0.1842479556798935,
    0.07600623369216919,
    0.1970493346452713,
    0.13118651509284973,
    0.17755013704299927,
    0.043767061084508896,
    0.2490634322166443,
    0.2572026550769806,
    0.03338669240474701,
    0.16000857949256897,
    0.13300271332263947,
    0.14140020310878754,
    0.13433773815631866,
    0.13931278884410858,
    0.16529785096645355,
    0.1431872695684433,
    0.03254549950361252,
    0.07121197879314423,
    0.21213065087795258,
    0.08351200073957443,
    0.04281166195869446,
    0.17031331360340118,
    0.237899050116539,
    0.34061911702156067,
    0.1571219563484192,
    0.14404918253421783,
    0.22802312672138214,
    0.07456788420677185,
    0.0768195316195488,
    0.03350082412362099,
    0.14686840772628784,
    0.15278154611587524,
    0.03810039907693863,
    0.03426704928278923,
    0.15340584516525269,
    0.19033260643482208,
    0.21480520069599152,
    0.1304493546485901,
    0.25755515694618225,
    0.2358081191778183,
    0.035587117075920105,
    0.06986445933580399,
    0.0318744033575058,
    0.18936435878276825,
    0.18888692557811737,
    0.13811562955379486,
    0.15082769095897675,
    0.17028488218784332,
    0.17688314616680145,
    0.0758405476808548,
    0.057375162839889526,
    0.055538516491651535,
    0.37430986762046814,
    0.3683501183986664,
    0.1540328562259674,
    0.03327203914523125,
    0.048178937286138535,
    0.04132985696196556,
    0.17293666303157806,
    0.08466492593288422,
    0.09721813350915909,
    0.05277688056230545,
    0.2005782276391983,
    0.13395558297634125,
    0.03233879432082176,
    0.20334702730178833,
    0.40061938762664795,
    0.03779051452875137,
    0.08533058315515518,
    0.12969671189785004,
    0.03468682989478111,
    0.06961598247289658,
    0.3458946645259857,
    0.24197158217430115,
    0.17021633684635162,
    0.06323766708374023,
    0.6678215265274048,
    0.03459757938981056,
    0.035831596702337265,
    0.03443637490272522,
    0.036248691380023956,
    0.03694852814078331,
    0.049673814326524734,
    0.032916098833084106,
    0.034891899675130844,
    0.06922411173582077,
    0.038615260273218155,
    0.03690309450030327,
    0.13196256756782532,
    0.10363814234733582,
    0.07433464378118515,
    0.03394436463713646,
    0.034004341810941696,
    0.08668875694274902,
    0.036967504769563675,
    0.03201519697904587,
    0.0739518254995346,
    0.12251345813274384,
    0.044910918921232224,
    0.11046600341796875,
    0.2249390333890915,
    0.04968815669417381,
    0.2861313819885254,
    0.03911221772432327,
    0.17033842206001282,
    0.2832840085029602,
    0.07343444973230362,
    0.21853573620319366,
    0.2119438350200653,
    0.038795970380306244,
    0.18795521557331085,
    0.03895203769207001,
    0.22224323451519012,
    0.18902459740638733,
    0.2238258719444275,
    0.13587774336338043,
    0.1627207249403,
    0.2103138417005539,
    0.1995997130870819,
    0.17770898342132568,
    0.23576973378658295,
    0.10766188055276871,
    0.19513994455337524,
    0.047617360949516296,
    0.13378147780895233,
    0.17045378684997559,
    0.04536338895559311,
    0.22263480722904205,
    0.03349735960364342,
    0.03811999037861824,
    0.10066861659288406,
    0.032892532646656036,
    0.21937191486358643,
    0.14162865281105042,
    0.033873822540044785,
    0.17498436570167542,
    0.22017015516757965,
    0.1412142515182495,
    0.18239909410476685,
    0.25130587816238403,
    0.03658367320895195,
    0.03883674740791321,
    0.032249800860881805,
    0.144209623336792,
    0.043741725385189056,
    0.0343395359814167,
    0.03236403688788414,
    0.2090539038181305,
    0.03789504989981651,
    0.1283404380083084,
    0.033105555921792984,
    0.33581265807151794,
    0.06539987772703171,
    0.21754887700080872,
    0.15235786139965057,
    0.06996988505125046,
    0.13984112441539764,
    0.15846359729766846,
    0.060392409563064575,
    0.36189526319503784,
    0.38422268629074097,
    0.042603399604558945,
    0.20603275299072266,
    0.16171763837337494,
    0.235378235578537,
    0.19424688816070557,
    0.14650146663188934,
    0.038272466510534286,
    0.13376644253730774,
    0.03272593766450882,
    0.05059508606791496,
    0.07407202571630478,
    0.2559252679347992,
    0.03392041102051735,
    0.1487409621477127,
    0.04204763472080231,
    0.2600095570087433,
    0.14480850100517273,
    0.2291240245103836,
    0.041372280567884445,
    0.2919275164604187,
    0.1641334444284439,
    0.0322403609752655,
    0.1645686775445938,
    0.06519056111574173,
    0.030606672167778015,
    0.09480857104063034,
    0.3394130766391754,
    0.08650244027376175,
    0.0326857827603817,
    0.06652669608592987,
    0.1457822322845459,
    0.18808956444263458,
    0.04284849017858505,
    0.05670136213302612,
    0.035446587949991226,
    0.14546026289463043,
    0.1889270693063736,
    0.09739109128713608,
    0.3476015329360962,
    0.039749279618263245,
    0.14041706919670105,
    0.12047421187162399,
    0.21879050135612488,
    0.12146927416324615,
    0.08603759109973907,
    0.0703534334897995,
    0.03223440423607826,
    0.20079053938388824,
    0.13963958621025085,
    0.10811258852481842,
    0.25969958305358887,
    0.051780082285404205,
    0.03847186267375946,
    0.04990530014038086,
    0.0915706604719162,
    0.2068752646446228,
    0.1701153814792633,
    0.0365932360291481,
    0.0356191024184227,
    0.16610179841518402,
    0.035645876079797745,
    0.14946721494197845,
    0.06163695454597473,
    0.030975552275776863,
    0.03711137920618057,
    0.032497338950634,
    0.2402726411819458,
    0.09658940881490707,
    0.1552930772304535,
    0.07327915728092194,
    0.04221012443304062,
    0.07013373076915741,
