{
  "congress": 118,
  "defection_probabilities": [
    0.23692718575355654,
    0.3462679049659947,
    0.10651817532562892,
    0.13507216948441716,
    0.0729828253039488,
    0.09906948181069392,
    0.05022428507525484,
    0.10517485829557055,
    0.13456658757184164,
    0.3003151581182626,
    0.05534088495801939,
    0.07158450581642366,
    0.1662750073116375,
    0.2243362296490556,
    0.09436433485253051,
    0.42410879318427985,
    0.1289337606023576,
    0.0902856188024746,
    0.3422492289052906,
    0.1107037542110644,
    0.08724108033432229,
    0.12706157467553247,
    0.43699321999485796,
    0.21842893455795387,
    0.1907243425145425,
    0.36549176940568284,
    0.06902276374121497,
    0.09092060082284997,
    0.08110616207236482,
    0.14543737389043765,
    0.20719047675129773,
    0.1912507306501587,
    0.06296394881350147,
    0.2697100527776764,
    0.12937791175748092,
    0.19684808348039123,
    0.06841631755383665,
    0.1108580854507874,
    0.28599818539605826,
    0.35344220514133046,
    0.12135413635248081,
    0.06610497748309246,
    0.2728620972687285,
    0.12928272013239567,
    0.06313549772072165,
    0.17052672056696175,
    0.29242297665973815,
    0.0816374470873431,
    0.26190557969129946,
    0.14051228570261218,
    0.07741229202818412,
    0.36520606429006297,
    0.36702202262591543,
    0.1273318239715447,
    0.2795475507502204,
    0.2599666780786233,
    0.41247142454996943,
    0.0839662949174173,
    0.372512078716578,
    0.4126941786506628,
    0.12555851320705091,
    0.3145031804265084,
    0.07184789742367657,
    0.09457383995863226,
    0.3298400129204051,
    0.12824744430861318,
    0.09826299264921401,
    0.11857871898311757,
    0.11581595883006143,
    0.13497922844032004,
    0.1590134894291593,
    0.19004024840842623,
    0.38461600234994897,
    0.21337516383427307,
    0.37008691144052575,
    0.12985021261454216,
    0.4084685372076474,
    0.38728164277777255,
    0.17019376273562697,
    0.10537117688014934,
    0.267410494588141,
    0.3641236502075028,
    0.21763586333964163,
    0.1159311632524143,
    0.4268914176629204,
    0.3355557286260784,
    0.29334626441716494,
    0.22300866664617458,
    0.2806999264409763,
    0.09118854374665253,
    0.3046660088682018,
    0.12063228959376587,
    0.12524574233451413,
    0.07423287625117081,
    0.43521276663065966,
    0.08443111723142657,
    0.08631923438503253,
    0.054035606540612104,
    0.09350454343180414,
    0.10546234106025239,
    0.0778711373253831,
    0.14430010567614218,
    0.097247698738046,
    0.4006056329856519,
    0.27767761693907134,
    0.06845202633561381,
    0.07682168087208305,
    0.09096927773049104,
    0.12208666075639542,
    0.29523142589002627,
    0.39233530046190057,
    0.06763513692802665,
    0.4454450548549249,
    0.34624858931045244,
    0.05941502042588681,
    0.3040423150440516,
    0.08751892324939435,
    0.21288267540929037,
    0.1470368764847641,
    0.34863697378327474,
    0.06445072270656964,
    0.0735340229597299,
    0.08217350415614917,
    0.0991334412203799,
    0.3742694133821872,
    0.1212072421105546,
    0.22406619488463325,
    0.08410705341387403,
    0.33876142449504987,
    0.12962043126022454,
    0.05881648945082429,
    0.09454199040302425,
    0.09959513715712666,
    0.16780032015326865,
    0.40618443215122346,
    0.22407035643393317,
    0.3022728448288168,
    0.2667716884956859,
    0.41035047436844774,
    0.09102708902201234,
    0.3414209049262973,
    0.07496301948406736,
    0.25649757441764365,
    0.3765033287253624,
    0.08213852988479614,
    0.05279190607786163,
    0.25692088317500195,
    0.3419206630091469,
    0.10070029002379745,
    0.11620061910264223,
    0.40780896641026143,
    0.0889425972960678,
    0.21854229168835454,
    0.21250606315247578,
    0.4323526284277549,
    0.3941183632567511,
    0.27995229030006774,
    0.2662963919463646,
    0.29225861007532544,
    0.4082515456358403,
    0.12052189844135104,
    0.24250172938191247,
    0.2992625432285537,
    0.44837458835129673,
    0.06815446002155812,
    0.22355373448853755,
    0.4451194762662877,
    0.09455068701766199,
    0.09669716852885603,
    0.06346705736901463,
    0.3881055133648722,
    0.0547202679138685,
    0.3090691026119473,
    0.2841918775080965,
    0.443022308486262,
    0.21400454831733037,
    0.06462739806824758,
    0.14837747870215462,
    0.29666304968284846,
    0.07427020505937847,
    0.3432597999207073,
    0.11119387621573244,
    0.14839958499226447,
    0.3730646055848275,
    0.27070017296218357,
    0.13098655883647276,
    0.06681666355731257,
    0.1941350720303715,
    0.2119979724611745,
    0.10428768377307066,
    0.08107572285588441,
    0.400386784559153,
    0.27383616313837833,
    0.15860900645025786,
    0.11899737245349801,
    0.370366061984374,
    0.322827416223349,
    0.26164102935345246,
    0.30245286387021847,
    0.4430128017834899,
    0.12754975078678282,
    0.11995489204533526,
    0.10208648208096698,
    0.09981190677649691,
    0.3124809283517852,
    0.16126726832082783,
    0.28381278110943753,
    0.1252389234426382,
    0.3695592686494814,
    0.08330056043910142,
    0.1753679204894282,
    0.14602217727040429,
    0.08395517494061186,
    0.12111951025496631,
    0.10034385217260634,
    0.11657682323105151,
    0.2898121425474054,
    0.068681640609897,
    0.12399496745756507,
    0.10666580883906572,
    0.309101351870104,
    0.23301759025079588,
    0.23436442870726837,
    0.14016249338467807,
    0.07145887496337154,
    0.06045570352842507,
    0.4026847567361601,
    0.4023400753513756,
    0.06920017788757687,
    0.11692622444526679,
    0.0959450593917929,
    0.1175960966667282,
    0.30364048549374817,
    0.209942459605683,
    0.13701392429690284,
    0.12559133834561687,
    0.0875176288282839,
    0.1350843833189618,
    0.38618490358537194,
    0.0908276551909925,
    0.11264475179584432,
    0.07304555823005247,
    0.16685398616361777,
    0.413102580281286,
    0.23278568387316784,
    0.1359518928215035,
    0.10330444409516842,
    0.0828901953435849,
    0.10307027065066347,
    0.05817210774741547,
    0.42226972955446995,
    0.3223056683129812,
    0.15846306513281921,
    0.13397527417470334,
    0.3026641166783565,
    0.07882544526528314,
    0.14350354096444423,
    0.12971844574568445,
    0.12324227020482388,
    0.2660916373317532,
    0.08513672918783147,
    0.305352386306077,
    0.1662937678425313,
    0.2973746743093034,
    0.37896408613935745,
    0.20468306915122153,
    0.08263539048503801,
    0.088319328617681,
    0.2221265312552075,
    0.08711587974720987,
    0.05773229341188651,
    0.3376909194856742,
    0.1743247480839018,
    0.29813898859720434,
    0.07110776551767932,
    0.051475315995470595,
    0.325891036292727,
    0.3192059505850016,
    0.27876136224417464,
    0.2177258051425634,
    0.31686464813340354,
    0.3449711117424473,
    0.2370717146639721,
    0.18479174842616725,
    0.2633247199285198,
    0.24418159697722386,
    0.2140319561252646,
    0.16052667439103138,
    0.40089683683735566,
    0.34320830356236454,
    0.40671581822179215,
    0.18780653025654476,
    0.39610536952349085,
    0.11824564942372137,
    0.38886170990509383,
    0.3048929880972971,
    0.11095031416072482,
    0.22972974916694874,
    0.3026937390750343,
    0.16543966415848152,
    0.07475073371462171,
    0.37168196238688533,
    0.24171780083360694,
    0.3152743632443944,
    0.41708936428888754,
    0.15586345765027948,
    0.11261443478305233,
    0.4131410255026322,
    0.2232173541396265,
    0.3761161041828928,
    0.333745320519771,
    0.3732093721346996,
    0.10478933374661836,
    0.38895252294689214,
    0.3379651517932152,
    0.17263607863293615,
    0.13103827501005477,
    0.10849922855538845,
    0.2827724594318116,
    0.11100872002278263,
    0.19050085245455997,
    0.14332235205412652,
