{
  "threshold_5": {
    "gat_train": {
      "accuracy": 0.7659836065573771,
      "f1": 0.8272314674735249,
      "precision": 0.8519788095980056,
      "recall": 0.8038812114084093,
      "auc": 0.8298873635980667,
      "reg_mse": 0.002079930156469345,
      "reg_corr": 0.631160644832508
    },
    "gat_test": {
      "accuracy": 0.8116691285081241,
      "f1": 0.7457627118644068,
      "precision": 0.7192307692307692,
      "recall": 0.7743271221532091,
      "auc": 0.8775056870449472,
      "reg_mse": 0.002013840014114976,
      "reg_corr": 0.5460933235538555
    },
    "baselines": {
      "logistic_regression": {
        "accuracy": 0.7466765140324964,
        "f1": 0.6016260162601627,
        "precision": 0.6851851851851852,
        "recall": 0.5362318840579711,
        "auc": 0.7403759986498467
      },
      "random_forest": {
        "accuracy": 0.7341211225997046,
        "f1": 0.628099173553719,
        "precision": 0.6268041237113402,
        "recall": 0.629399585921325,
        "auc": 0.7641391703688913
      },
      "naive_drift": {
        "accuracy": 0.7319054652880355,
        "f1": 0.5879682179341658,
        "precision": 0.6507537688442211,
        "recall": 0.5362318840579711,
        "auc": 0.6645166427775123
      },
      "feature_importance": {
        "DW-NOM1": 0.13256837303203287,
        "DW-NOM2": 0.08817745713729347,
        "Party": 0.03061676839383396,
        "Seniority": 0.2177729265865612,
        "PrevDefection": 0.38466072724522715,
        "Extremism": 0.1462037476050514
      }
    }
  },
  "threshold_10": {
    "gat_train": {
      "accuracy": 0.7731557377049181,
      "f1": 0.6186703410265243,
      "precision": 0.5239206534422404,
      "recall": 0.7552565180824222,
      "auc": 0.8519331568001542,
      "reg_mse": 0.0021343156695365906,
      "reg_corr": 0.6086047373443958
    },
    "gat_test": {
      "accuracy": 0.9062038404726735,
      "f1": 0.6231454005934718,
      "precision": 0.546875,
      "recall": 0.7241379310344828,
      "auc": 0.9149710504549213,
      "reg_mse": 0.0016663676360622048,
      "reg_corr": 0.6679243787643598
    },
    "baselines": {
      "logistic_regression": {
        "accuracy": 0.7872968980797637,
        "f1": 0.32075471698113206,
        "precision": 0.24372759856630824,
        "recall": 0.4689655172413793,
        "auc": 0.6875160434671002
      },
      "random_forest": {
        "accuracy": 0.8707533234859675,
        "f1": 0.47129909365558914,
        "precision": 0.41935483870967744,
        "recall": 0.5379310344827586,
        "auc": 0.850472034454237
      },
      "naive_drift": {
        "accuracy": 0.9054652880354506,
        "f1": 0.4666666666666667,
        "precision": 0.5894736842105263,
        "recall": 0.38620689655172413,
        "auc": 0.7128918171187358
      },
      "feature_importance": {
        "DW-NOM1": 0.1424186322474305,
        "DW-NOM2": 0.12245369529692839,
        "Party": 0.019472117732225982,
        "Seniority": 0.10418826136345687,
        "PrevDefection": 0.3830827667092049,
        "Extremism": 0.22838452665075323
      }
    }
  },
  "threshold_15": {
    "gat_train": {
      "accuracy": 0.8340163934426229,
      "f1": 0.41304347826086957,
      "precision": 0.3,
      "recall": 0.6627906976744186,
      "auc": 0.8829594983015417,
      "reg_mse": 0.002188232261687517,
      "reg_corr": 0.6045641442615325
    },
    "gat_test": {
      "accuracy": 0.9254062038404727,
      "f1": 0.34838709677419355,
      "precision": 0.28125,
      "recall": 0.4576271186440678,
      "auc": 0.9120476408612002,
      "reg_mse": 0.001904590637423098,
      "reg_corr": 0.544173628549846
    },
    "baselines": {
      "logistic_regression": {
        "accuracy": 0.8522895125553914,
        "f1": 0.15254237288135594,
        "precision": 0.1016949152542373,
        "recall": 0.3050847457627119,
        "auc": 0.6883319154505596
      },
      "random_forest": {
        "accuracy": 0.9497784342688331,
        "f1": 0.41379310344827586,
        "precision": 0.42105263157894735,
        "recall": 0.4067796610169492,
        "auc": 0.8894116877167724
      },
      "naive_drift": {
        "accuracy": 0.9645494830132939,
        "f1": 0.4666666666666667,
        "precision": 0.6774193548387096,
        "recall": 0.3559322033898305,
        "auc": 0.8018454289640731
      },
      "feature_importance": {
        "DW-NOM1": 0.14985664506364266,
        "DW-NOM2": 0.16093404239459191,
        "Party": 0.015593811741909288,
        "Seniority": 0.07509054543774404,
        "PrevDefection": 0.25884568297551186,
        "Extremism": 0.3396792723866004
      }
    }
  },
  "threshold_20": {
    "gat_train": {
      "accuracy": 0.9319672131147541,
      "f1": 0.4050179211469534,
      "precision": 0.31043956043956045,
      "recall": 0.5824742268041238,
      "auc": 0.9131614900273242,
      "reg_mse": 0.0018661663634702563,
      "reg_corr": 0.6730633404991768
    },
    "gat_test": {
      "accuracy": 0.9726735598227474,
      "f1": 0.3018867924528302,
      "precision": 0.3333333333333333,
      "recall": 0.27586206896551724,
      "auc": 0.9287833441769682,
      "reg_mse": 0.0019134089816361666,
      "reg_corr": 0.6199163583751497
    },
    "baselines": {
      "logistic_regression": {
        "accuracy": 0.896602658788774,
        "f1": 0.125,
        "precision": 0.07633587786259542,
        "recall": 0.3448275862068966,
        "auc": 0.7831099544567339
      },
      "random_forest": {
        "accuracy": 0.9778434268833087,
        "f1": 0.4,
        "precision": 0.47619047619047616,
        "recall": 0.3448275862068966,
        "auc": 0.9031099544567338
      },
      "naive_drift": {
        "accuracy": 0.9807976366322009,
        "f1": 0.43478260869565216,
        "precision": 0.5882352941176471,
        "recall": 0.3448275862068966,
        "auc": 0.7815744957709824
      },
      "feature_importance": {
        "DW-NOM1": 0.1303296841025502,
        "DW-NOM2": 0.22369779276785967,
        "Party": 0.023510792968465477,
        "Seniority": 0.06678272511515038,
        "PrevDefection": 0.19557452910668857,
        "Extremism": 0.3601044759392857
      }
    }
  },
  "threshold_25": {
    "gat_train": {
      "accuracy": 0.9672131147540983,
      "f1": 0.2727272727272727,
      "precision": 0.22900763358778625,
      "recall": 0.33707865168539325,
      "auc": 0.9413987837682547,
      "reg_mse": 0.0021650188136845827,
      "reg_corr": 0.6301575043565538
    },
    "gat_test": {
      "accuracy": 0.9859675036927622,
      "f1": 0.2962962962962963,
      "precision": 0.26666666666666666,
      "recall": 0.3333333333333333,
      "auc": 0.9554769001490312,
      "reg_mse": 0.0021289705764502287,
      "reg_corr": 0.45860071975426225
    },
    "baselines": {
      "logistic_regression": {
        "accuracy": 0.9350073855243722,
        "f1": 0.13725490196078433,
        "precision": 0.07777777777777778,
        "recall": 0.5833333333333334,
        "auc": 0.9069796323894684
      },
      "random_forest": {
        "accuracy": 0.9889217134416544,
        "f1": 0.11764705882352941,
        "precision": 0.2,
        "recall": 0.08333333333333333,
        "auc": 0.924863387978142
      },
      "naive_drift": {
        "accuracy": 0.9903988183161004,
        "f1": 0.3157894736842105,
        "precision": 0.42857142857142855,
        "recall": 0.25,
        "auc": 0.8396671634376554
      },
      "feature_importance": {
        "DW-NOM1": 0.1785455550296431,
        "DW-NOM2": 0.20334519089793948,
        "Party": 0.024699173527060043,
        "Seniority": 0.06566699909840905,
        "PrevDefection": 0.1294385260897545,
        "Extremism": 0.3983045553571937
      }
    }
  },
  "attention_analysis": {
    "104": {
      "cross_party_attention": 1.7746373681639013e-05,
      "same_party_attention": 0.003605432671413028,
      "attention_ratio": 203.16447382956486
    },
    "105": {
      "cross_party_attention": 2.3879081031813746e-05,